feature,target,mean_shap
FHL3,ATRX,-0.003583039
GLIPR1,ATRX,-0.014983634
ELOVL4,ATRX,-0.0020931107
PNMA6E,ATRX,-0.004944257
LRRK1,ATRX,-0.0069122477
PABPC1L2A,ATRX,-0.0067791375
THBS4,ATRX,-0.0038059193
TEX13C,ATRX,-0.0048842696
DNER,ATRX,-0.0076244245
PPIL1,ATRX,-0.0062908814
DTX1,ATRX,-0.01728918
UBTF,ATRX,-0.013193595
AC010980.1,ATRX,-0.0028211388
TNFRSF1B,ATRX,-0.03155286
DFFB,ATRX,-0.010268875
KIF20A,ATRX,-0.018388234
CLEC18B,ATRX,-0.0015693916
DEDD2,ATRX,-0.021270517
DLST,ATRX,-0.030464035
BMP3,ATRX,-0.0009997676
LMAN2,ATRX,-0.009489299
KLHDC8B,ATRX,-0.043972414
RIPOR1,ATRX,-0.021836296
PXMP4,ATRX,-0.011883428
KCNMA1,ATRX,-0.014212338
XRCC4,ATRX,-0.023874382
NRDE2,ATRX,-0.033420075
PIGB,ATRX,-0.040245596
RPL39L,ATRX,-0.034371857
GREM1,ATRX,-0.011223862
CD164,ATRX,-0.00813816
FKBP5,ATRX,-0.012567095
MTX1,ATRX,-0.013313068
CAST,ATRX,-0.004787474
DUSP5,ATRX,-0.013406996
LY75,ATRX,-0.005026335
UHMK1,ATRX,-0.024726648
GRIK5,ATRX,-0.014939539
XKR9,ATRX,-0.03137911
METTL9,ATRX,-0.013068667
RPE65,ATRX,-0.0013334767
TSPEAR,ATRX,-0.019082326
RTN4RL2,ATRX,-0.041986275
PEX10,ATRX,-0.0035055121
ADGRF5,ATRX,-0.026127115
PDGFRB,ATRX,-0.007418607
H2BC4,ATRX,-0.054891746
PLD6,ATRX,-0.031149799
MTHFD1L,ATRX,-0.005540986
GRIP1,ATRX,-0.01695942
DRG2,ATRX,-0.72973216
CHMP2A,ATRX,-0.016149396
USE1,ATRX,-0.018401386
METTL8,ATRX,-0.05067743
TMEM107,ATRX,-0.03467509
SNX27,ATRX,-0.0072336043
AHSA1,ATRX,-0.050493535
ANKRD24,ATRX,-0.012487294
DCLK3,ATRX,-0.008529904
MRPL36,ATRX,-0.012160664
ADRA2B,ATRX,-0.016672367
FNTB,ATRX,-0.04627109
PGD,ATRX,-0.03211263
PLEC,ATRX,-0.021054909
SLC30A4,ATRX,-0.017802902
RAB1B,ATRX,-0.006304211
CRIPT,ATRX,-0.038529415
TSPAN31,ATRX,-0.032291356
GAK,ATRX,-0.019805124
SYNJ2BP,ATRX,-0.24822624
FLII,ATRX,-0.14678538
MDK,ATRX,-0.018917382
ADM,ATRX,-0.016648453
STEAP2,ATRX,-0.020611966
TMEM116,ATRX,-0.09764001
HSPA12A,ATRX,-0.009723376
DSC3,ATRX,-0.038628124
DNAJC14,ATRX,-0.015359953
PDE4A,ATRX,-0.012635399
SLITRK1,ATRX,-0.002392573
SERPINA5,ATRX,-0.019437576
CHAC1,ATRX,-0.008794103
VPS37D,ATRX,-0.067484535
PYM1,ATRX,-0.007795793
FERMT1,ATRX,-0.013704218
PRPF3,ATRX,-0.06261331
CXCL8,ATRX,-0.011492799
PPP1R1B,ATRX,-0.014944618
POLB,ATRX,-0.013790197
UBE2S,ATRX,-0.019188918
CHKA,ATRX,-0.029028604
INPP4B,ATRX,-0.016493665
RHBDD1,ATRX,-0.027438875
COX4I2,ATRX,-0.024039954
MYO9A,ATRX,-0.037797213
CCDC122,ATRX,-0.018805616
BIRC3,ATRX,-0.0066359728
NFKBIE,ATRX,-0.014259099
ADAMTSL5,ATRX,-0.019095492
PWP2,ATRX,-0.077662624
ABCC4,ATRX,-0.027271207
LALBA,ATRX,-0.0098905815
SPSB2,ATRX,-0.015839197
TNFRSF11A,ATRX,-0.013298203
UBE2Q2,ATRX,-0.028166031
SIGIRR,ATRX,-0.01633905
SGSM1,ATRX,-0.04062802
LRRC27,ATRX,-0.052405637
NOX4,ATRX,-0.016245395
SERPING1,ATRX,0.0009254512
ATRX,ATRX,-0.038696468
C1GALT1C1,ATRX,-0.047242384
PTPN20,ATRX,-0.06102472
TP63,ATRX,-0.017995022
TMEM216,ATRX,-0.013166666
GPC3,ATRX,-0.024045438
EMC6,ATRX,-0.018057648
CFAP410,ATRX,-0.06419746
ILK,ATRX,-0.014526682
B4GALT3,ATRX,-0.025526278
COL27A1,ATRX,-0.013708935
SPATS1,ATRX,-0.008084991
KCNK1,ATRX,-0.012439071
ARNT2,ATRX,-0.038683694
MTRNR2L10,ATRX,-0.017556954
EHD3,CSMD1,-0.013817649
GUCY1B1,CSMD1,-0.005274322
ZNF280C,CSMD1,-0.022608921
PATE4,CSMD1,-0.047235694
MPP3,CSMD1,-0.008558793
KDM5D,CSMD1,-0.17902637
PASD1,CSMD1,-0.03622723
SLC2A8,CSMD1,-0.055701714
ARX,CSMD1,-0.011855837
OGDH,CSMD1,-0.07274542
AMBP,CSMD1,-0.6005276
ZNF385A,CSMD1,-0.031760957
ACTN2,CSMD1,-0.0339582
AP000781.2,CSMD1,-0.09858329
HLA-DMA,CSMD1,-0.01984488
CFAP45,CSMD1,-0.2866058
COMT,CSMD1,-0.07316054
PTER,CSMD1,-0.1315968
WFDC10B,CSMD1,-0.10043288
EIF1AY,CSMD1,-0.11657121
INSM2,CSMD1,-0.03954024
ELP1,CSMD1,-0.21662574
ZNF816,CSMD1,-0.09813813
RARS1,CSMD1,-0.03044095
ITGAX,CSMD1,-0.028340394
PACSIN1,CSMD1,-0.025005387
DMBX1,CSMD1,-0.009965015
ROBO2,CSMD1,-0.056960035
TRIM32,CSMD1,-0.041839033
HHIP,CSMD1,-0.022179069
ARHGAP25,CSMD1,-0.016472986
NCKIPSD,CSMD1,-0.0057326076
ARHGEF5,CSMD1,-0.037517644
CRTC3,CSMD1,-0.06861064
ZP1,CSMD1,-0.039508313
EPCAM,CSMD1,-0.028451197
PRR11,CSMD1,-0.027777284
LGALS3,CSMD1,-0.010834426
LSM1,CSMD1,-0.08641026
PIWIL1,CSMD1,-0.023732454
SPTLC1,CSMD1,-0.032841988
UNC45A,CSMD1,-0.04297443
ENPP1,CSMD1,-0.038503204
LMO7,CSMD1,-0.014188633
CAMK2B,CSMD1,-0.061209377
HIP1R,CSMD1,-0.028830789
SUCNR1,CSMD1,-0.02363398
WDR18,CSMD1,-0.02473414
TRIP10,CSMD1,-0.049471837
CPSF4L,CSMD1,-0.02887499
ZNF584,CSMD1,-0.038252883
FAM102A,CSMD1,-0.05717291
WDR93,CSMD1,-0.034196287
FAM81A,CSMD1,-0.042865135
ZNF345,CSMD1,-0.015029521
ZBTB47,CSMD1,-0.047015995
CIART,CSMD1,-0.023154981
RHCE,CSMD1,-0.03661662
CDH18,CSMD1,-0.50881326
IDH3B,CSMD1,-0.11843817
PPP2R2A,CSMD1,-0.03105818
VWDE,CSMD1,-0.0723834
NOC2L,CSMD1,-0.24948423
PARVA,CSMD1,-0.051459588
WTAP,CSMD1,-0.0063493997
C6orf120,CSMD1,-0.044512734
BEST1,CSMD1,-0.03439974
IDH2,CSMD1,-0.034627274
ADIPOR2,CSMD1,-0.026098957
TAAR8,CSMD1,-0.04243008
ADAMTS6,DNAH9,-0.021136831
IRF3,DNAH9,-0.025464892
MBLAC2,DNAH9,-0.06425609
RPS6KB2,DNAH9,-0.012184789
ZNF726,DNAH9,-0.1674802
ELF4,DNAH9,-0.004790166
HSD17B6,DNAH9,-0.12123595
OLFML2B,DNAH9,-0.036280703
CDC42BPG,DNAH9,-0.027012141
PAX3,DNAH9,-0.05104316
SULT1A1,DNAH9,-0.05420171
BLACAT1,DNAH9,-0.015484645
TMEM201,DNAH9,-0.48369643
PRXL2C,DNAH9,-0.03034082
FOXE1,DNAH9,-0.03723359
TMEM101,DNAH9,-0.01756405
PDGFRL,DNAH9,-0.05805257
SDR39U1,DNAH9,-0.019520879
SLC10A3,DNAH9,-0.046637777
HEPACAM,DNAH9,-0.015016071
SPPL3,DNAH9,-0.040432822
SFTA2,DNAH9,-0.081471205
GRIK1,DNAH9,-0.20231976
PRIM1,DNAH9,-0.07208741
ARF5,DNAH9,-0.012281643
ITGA5,DNAH9,-0.1661771
C5orf38,DNAH9,-0.044194553
H4C12,DNAH9,-0.012062912
YIPF3,DNAH9,-0.010688877
ETFDH,DNAH9,-0.0033213985
ACACB,DNAH9,-0.061690863
STYK1,DNAH9,-0.45093036
FAM72A,DNAH9,-0.07929821
ACAA2,DNAH9,-0.046949506
CLDN11,DNAH9,-0.04059612
FP565260.3,DNAH9,-0.040577143
POU4F1,DNAH9,-0.02233731
AOC1,DNAH9,-0.0323213
LMCD1,DNAH9,-0.11159367
TUBA1C,DNAH9,-0.035777304
SPHKAP,DNAH9,-0.0594107
MILR1,DNAH9,-0.036163136
ANAPC5,DNAH9,-0.0915839
KLHDC9,DNAH9,-0.025439302
ATP10B,DNAH9,-0.060213704
ATP8A2,DNAH9,-0.072036564
ASB1,DNAH9,-0.051688768
CTAGE4,DNAH9,-0.056660976
ANKMY2,DNAH9,-0.18298087
MAPK13,DNAH9,-0.0380859
ULBP1,DNAH9,-0.05736281
CHMP2B,DNAH9,-0.042414848
POMP,DNAH9,-0.043505404
PAICS,DNAH9,-0.042823836
IFNB1,DNAH9,-0.06824554
SERPINI1,DNAH9,-0.3491201
RESP18,DNAH9,-0.048515104
FRAS1,DNAH9,-0.11361517
SFXN3,DNAH9,-0.030253386
BMI1,DNAH9,-0.047680352
ZNF12,DNAH9,-0.015486288
MTARC1,DNAH9,-0.022188954
ACBD6,DNAH9,-0.007526305
SLITRK4,DNAH9,-0.03902136
THAP9,DNAH9,-0.012469457
HMCES,DNAH9,-0.0060779946
MEGF11,DNAH9,-0.05858087
LCNL1,DNAH9,-0.19087863
KRT36,DNAH9,-0.038270894
PRX,DNAH9,-0.040497765
MALSU1,DNAH9,-0.013491181
ZNF835,DNAH9,-0.030921185
AC006254.1,MUC17,-0.012742458
PCDH17,MUC17,-0.019991737
ELAC1,MUC17,-0.07527128
TXNDC2,MUC17,-0.013684646
RPL6,MUC17,-0.5992621
SNX14,MUC17,-0.016284283
TUBB2B,MUC17,-0.05820189
OTUB2,MUC17,-0.04226281
DNASE1L3,MUC17,-0.0084178895
CPNE2,MUC17,-0.008096487
ATP5F1A,MUC17,-0.03334725
TNKS1BP1,MUC17,-0.74886066
TUBG1,MUC17,-0.0058209575
CYP27C1,MUC17,-0.036109954
KHDC1,MUC17,-0.01929577
FP565260.1,MUC17,-0.045079604
IP6K2,MUC17,-0.1499163
TCERG1,MUC17,-0.027826618
TTBK2,MUC17,-0.05193368
CCNO,MUC17,-0.014089295
DENND1B,MUC17,-0.15318756
C4orf3,MUC17,-0.031971477
SSBP3,MUC17,-0.09165547
CHMP1A,MUC17,-0.014377044
HOXB4,MUC17,-0.11673988
TICAM1,MUC17,-0.05072159
FURIN,MUC17,-0.04238572
RIN2,MUC17,-0.010351033
CAMKK2,MUC17,-0.049049117
TMEM237,MUC17,-0.026025988
ASB11,MUC17,-0.03853624
RNGTT,MUC17,-0.056157883
SIX3,MUC17,-0.02513595
ZNF720,MUC17,-0.026509052
GAREM2,MUC17,-0.026543051
RAD23B,MUC17,-0.121582374
ABITRAM,MUC17,-0.14880969
CDK7,MUC17,-0.08004701
MAIP1,MUC17,-0.05699058
USP16,MUC17,-0.052764088
REP15,MUC17,-0.035745077
DCAF11,MUC17,-0.030562898
WDR53,MUC17,-0.0556939
RACGAP1,MUC17,-0.015871067
PITX1,MUC17,-0.0561924
A4GALT,MUC17,-0.0012311599
CACNA1I,MUC17,-0.13339324
TANGO6,MUC17,-0.06078163
PELO,MUC17,-0.038623884
PHOSPHO1,MUC17,-0.024961539
MAP2K5,MUC17,-0.047225296
KIF1C,MUC17,-0.0050847623
GPRC5D,MUC17,-0.04269895
PADI2,MUC17,-0.065328486
RCN1,MUC17,-0.057232935
DUS4L-BCAP29,MUC17,-0.061829597
EPHA1,MUC17,-0.17197265
HMGN5,MUC17,-0.007892049
TMC4,MUC17,-0.029593477
SMCO1,MUC17,-0.05002763
AC010323.1,MUC17,-0.028285902
HDAC3,MUC17,-0.02405282
MSRB3,MUC17,-0.01778547
SIGLEC8,MUC17,-0.051340774
CYP51A1,MUC17,-0.00957018
H2AC13,MUC17,-0.028581789
ARIH1,MUC17,-0.02211231
PKN1,MUC17,-0.0307786
ZC3H10,MUC17,-0.1391638
ELF1,MUC17,-0.017959936
PSORS1C2,MUC17,-0.033618044
TNNC1,MUC17,-0.042541057
TCTN2,MUC17,-0.03391589
C1orf53,MUC17,-0.05118089
CLCA2,MUC17,-0.03911623
SLC28A3,MUC17,-0.028491499
PACC1,RB1,-0.012448424
PSMB8,RB1,-0.3467304
METTL2A,RB1,-0.0052066147
RHNO1,RB1,-0.058386598
ADAM21,RB1,-0.010516488
JAM3,RB1,-0.021293286
C5orf15,RB1,-0.016955283
CDC25A,RB1,-0.011014738
RHOV,RB1,-0.014311737
CR1L,RB1,-0.0078121624
RNF148,RB1,-0.12117074
IL18BP,RB1,-0.032543916
HSD3B1,RB1,-0.012785884
SPSB2,RB1,-0.009933296
AGAP6,RB1,-0.01757583
CHST7,RB1,-0.010293012
MCF2L,RB1,-0.04217732
LGALS12,RB1,-0.13558844
AP2M1,RB1,-0.01440508
MRPS30,RB1,-0.023739768
KCNJ8,RB1,-0.008833444
RORB,RB1,-0.021151971
HNRNPA1P48,RB1,-0.033404663
RERG,RB1,-0.012499625
STX11,RB1,-0.14599133
GLT8D1,RB1,-0.034065217
MFAP3L,RB1,-0.06440276
FEZ2,RB1,-0.012811307
HRG,RB1,-0.02035985
WRAP53,RB1,-0.11328268
BICDL1,RB1,-0.025526231
PPP4C,RB1,0.0023551863
TFR2,RB1,-0.0077449083
PIWIL2,RB1,-0.09744219
AEN,RB1,-0.04107837
BRIX1,RB1,-0.057231963
SLC20A1,RB1,-0.03607589
TM4SF4,RB1,-0.028541107
CCHCR1,RB1,-0.059887484
SMIM7,RB1,-0.033283114
BCAS4,RB1,-0.012165478
ERN2,RB1,-0.030582892
DDC,RB1,-0.021438822
PACSIN3,RB1,-0.055135824
GOLGA6D,RB1,-0.02778898
KCNC3,RB1,-0.006343747
PTH1R,RB1,-0.020257384
RNFT1,RB1,-0.0121781435
ATP6V0E2,RB1,-0.048562225
TMED9,RB1,-0.106741704
FOXD2,RB1,-0.02860777
LAMB3,RB1,-0.051219232
PKP1,RB1,-0.1030183
PCDHB2,RB1,-0.02995019
PPP3R1,RB1,-0.11903241
MAEL,RB1,-0.035335287
NPRL3,RB1,-0.039412126
CERK,RB1,-0.025867222
RANBP3L,RB1,-0.07999407
DUSP26,RB1,-0.007645973
ADGRA2,RB1,-0.009504874
MELK,RB1,-0.041565325
ZNF622,RB1,-0.19596426
SPINDOC,RB1,-0.07013567
BTBD1,RB1,-0.05790551
NQO1,RB1,-0.014293353
OPTN,RB1,-0.025138661
LOXL1,RB1,-0.008323897
SEC11A,RB1,-0.02643102
MNS1,RB1,-0.03399251
TCEAL5,RB1,-0.016842367
HTR1B,RB1,-0.042668127
SDS,RB1,-0.03878453
SFRP4,RB1,-0.004154189
UBE2Q2,RB1,-0.021585481
MARCHF5,RB1,-0.019969845
BTNL9,RB1,-0.005451144
C9orf152,RB1,-0.017066775
TAGLN3,RB1,-0.01624226
PHETA1,RB1,-0.24831094
PPA1,RB1,-0.024422524
S100A2,RB1,-0.005674299
ACVR1B,RB1,-0.00068208325
EPB41L4A,RB1,-0.07820874
CHPF2,RB1,-0.04025037
PLAAT4,RB1,-0.029953934
ZCCHC3,RB1,-0.057037584
C8orf82,RB1,-0.013894933
CKAP4,RB1,-0.052552726
RIOK2,RB1,-0.021245942
FEN1,RB1,-0.026755681
FZD8,RB1,-0.016556606
SNX17,RB1,-0.021812502
TELO2,RB1,-0.0064694886
COL15A1,RB1,-0.029554421
ANXA3,RB1,-0.014262644
CMAS,RB1,-0.039635994
ZNF385B,RB1,-0.037065048
ZNF34,RB1,-0.02201091
TUBA1A,RB1,-0.010105241
PKM,RB1,-0.016957989
CREB3L4,RB1,-0.015258754
DHDH,RB1,-0.20573878
CHD8,TP53,0.004942485
SLC31A1,TP53,-0.0035732219
RAB6A,TP53,0.00097115105
DNAJA3,TP53,-0.0020842452
GPR146,TP53,0.0009315456
IFITM2,TP53,-0.001935193
FBLIM1,TP53,-0.0068453434
EXOSC3,TP53,-0.0035348695
TSHR,TP53,-0.004471793
NPEPL1,TP53,0.001938357
H4C12,TP53,-0.0013773084
PDE4A,TP53,0.007455536
BCAR1,TP53,-0.0017667023
APLNR,TP53,-0.0028092922
PRKG2,TP53,0.002849725
PREB,TP53,-0.0034638473
MPRIP,TP53,-0.0016294617
ZP3,TP53,0.0017827728
USP2,TP53,-0.0051829126
BST2,TP53,-0.0006242799
SPATA18,TP53,-0.16214399
STK26,TP53,-0.002809426
DCAF4,TP53,0.0025906733
C2orf16,TP53,-0.003954834
FDXACB1,TP53,-0.0017391213
ABI3BP,TP53,-0.012659975
GNA13,TP53,-0.021028077
GPM6B,TP53,-0.015033828
PROS1,TP53,-0.0051879315
MXD4,TP53,-0.011162242
TXNDC9,TP53,0.0073329904
PLK4,TP53,0.0027982548
NDEL1,TP53,-0.0057171895
MB,TP53,-0.0046360227
FYB2,TP53,-0.0037478004
ERICH1,TP53,-0.0006079525
CYP1B1,TP53,0.017938374
FXR2,TP53,0.00085733464
STYXL1,TP53,-0.004547379
NKAPL,TP53,-0.0036915287
COL23A1,TP53,-0.0042495816
HEATR4,TP53,0.00040082535
SURF1,TP53,-0.00895287
C16orf89,TP53,-0.0009424193
HP,TP53,-0.0017022179
EVPL,TP53,-0.0035751127
SPINK1,TP53,-0.0011578565
NUP155,TP53,-0.003491014
ZMPSTE24,TP53,-0.0041781464
LETMD1,TP53,-0.0012736351
NR2F6,TP53,-0.004573901
TMEM17,TP53,-0.004800718
TRAM1L1,TP53,-0.033827182
CAPN15,TP53,0.004896241
SLC25A2,TP53,-0.0009420118
SHBG,TP53,0.0019818773
TIMM17A,TP53,-0.0020382758
PACSIN3,TP53,0.0029160741
PAX6,TP53,-0.0112673845
TNFSF8,TP53,-0.0018715999
ADGRG6,TP53,-0.010892601
PARP11,TP53,-0.00646456
TMEM169,TP53,0.0004639762
FAM71D,TP53,0.0024163602
LTBP2,TP53,-0.0041526933
PDIA5,TP53,-0.0016937953
ELL2,TP53,-0.0015392227
ATP1B1,TP53,-0.0014823002
MTMR14,TP53,0.0043171956
GPR153,TP53,-0.0011447229
C17orf58,TP53,-0.029431902
KCNMB4,TP53,-0.0097613605
RALGDS,TP53,-0.0028733464
IL13RA2,TP53,-0.0046871398
AREL1,TP53,-0.002785304
H2AC13,TP53,-0.0018301719
SLC22A3,TP53,-0.0014813573
CD5L,TP53,-0.0027388309
NDP,TP53,-0.008878165
TMC1,TP53,0.0005868697
RAB6B,TP53,-0.004716198
COBL,TP53,-0.01273716
NPR3,TP53,-0.0069821198
PSPN,TP53,-0.0027632238
FHL1,TP53,-0.0024592378
RANBP3,TP53,-0.0064846864
FUZ,TP53,-0.0043802
GFRA1,TP53,-0.003359574
VIPR1,TP53,-0.0024524839
SERPINB5,TP53,-0.0015354289
ITGB8,TP53,-0.018353716
NUBPL,TP53,-0.008629716
ECHDC3,TP53,-0.0022463738
ADAM15,TP53,0.00022894166
FRMPD4,TP53,-0.00059019466
BBOF1,TP53,0.0016407723
APBA1,TP53,-0.0009750124
VIT,TP53,-0.0016682111
SPRED2,TP53,-0.018031389
GTF3C2,TP53,-0.0027977026
INTS6L,TP53,-0.0109569505
COBLL1,TP53,0.0033549482
MRPL16,TP53,-0.0030460157
MUSK,TP53,0.00145768
FAH,TP53,-0.0060104853
EIF5A2,TP53,-0.003730065
SLC52A3,TP53,-0.01008938
HR,TP53,-0.0007823246
RYBP,TP53,-0.001290841
STAMBP,TP53,-0.024126759
BCL2L1,TP53,-0.014603353
IGSF10,TP53,-0.0035180524
ATP6V1E2,TP53,-0.010450252
LMX1B,TP53,0.0015883887
KTI12,TP53,-0.007113789
PARP14,TP53,-0.0037491804
TRIM37,TP53,-0.0019279518
ALDH1B1,TP53,-0.016590903
GPR68,TP53,7.212503e-05
ZNF566,TP53,-0.0014267745
PCSK6,TP53,-0.0057171113
MPND,TP53,-0.002658934
NPIPB6,TP53,-0.0064274403
KBTBD6,TP53,-0.008051588
UGT2B4,TP53,-0.006121479
TTC22,TP53,-0.001488535
PRPF31,TP53,-0.009149452
PROX2,TP53,-0.0054553384
RRAGC,TP53,-0.015658056
IGLL5,TP53,-0.0038732307
AGBL5,TP53,-0.0156943
KCNAB3,TP53,-0.0053498237
GSTZ1,TP53,-0.006609217
RAP1GAP,TP53,0.0033005183
TFR2,TP53,-0.0073799766
TMEM108,TP53,-0.014721032
CHST10,TP53,-0.015976992
CHAF1B,TP53,-0.03863763
TMEM273,TP53,-0.009393543
DENR,TP53,-0.001549607
SERAC1,TP53,1.862682e-05
CCDC178,TP53,-0.006482137
PCDHB15,TP53,-0.0039434237
EPHA7,TP53,-0.012034666
MDGA2,TP53,-0.007948139
ZNF79,TP53,-0.008137608
AGTPBP1,TP53,-0.016827181
DMAP1,TP53,-0.0107787
TP53,TP53,-0.009933764
SRD5A1,TP53,-0.033061314
SLC16A10,TP53,-0.011763895
SERTAD2,TP53,0.0016307903
UBL3,TP53,-0.012582921
INAFM1,TP53,-0.0019222761
DTYMK,TP53,-0.00452103
MFSD13A,TP53,0.0034961505
ST8SIA5,TP53,-5.5881137e-05
PEF1,TP53,-0.013607954
TCP1,TP53,0.004286325
ZNF404,TP53,-0.0005121892
CA4,TP53,-0.00046568192
ALDH1A1,TP53,-0.0013363673
SLC11A1,TP53,-0.021354035
RAB8A,TP53,0.0030995884
PPAN,TP53,-0.015286395
CYP2A6,TP53,0.0011186986
AGRN,TP53,-0.0019165578
MARVELD1,TP53,-0.010288519
RNF170,TP53,-0.017391777
RPS19BP1,TP53,-0.0056614117
DCLK1,TP53,-0.0034387356
PHTF2,TP53,-0.009054189
SLC27A2,TP53,-0.0017018116
RHOU,TP53,0.0048625553
WWP1,TP53,-0.004306393
ANXA2R,TP53,-0.0012055504
CYB5R2,TP53,-0.012512558
MLNR,TP53,-0.012887096
CCND2,TP53,-0.010345404
MICB,TP53,-0.0034607954
MCIDAS,TP53,-0.022731159
CRYL1,TP53,-0.006901087
ESPNL,TP53,0.003465932
CCDC28B,TP53,-0.005333771
DNAI3,TP53,-0.05754719
IFRD1,TP53,-0.009856501
NLGN1,TP53,-0.00819437
ASMT,TP53,-0.007274347
ITGB1BP2,TP53,-0.05257975
SDS,TP53,-0.0016791485
ZMAT3,TP53,-0.0057950984
COMP,TP53,0.00040361163
RIN2,TP53,-0.0031090009
MDM2,TP53,-0.055934466
GADL1,TP53,-0.0059427973
NKX3-2,TP53,0.0015755685
PTCHD4,TP53,-0.006845452
EMD,TP53,-0.0065156417
DAPK2,TP53,-0.003517574
RNF216,TP53,-0.0019051229
RNF150,TP53,-0.010428692
SLC25A24,TP53,-0.0038509092
KLHDC8A,TP53,0.0038122088
CD55,TP53,0.0024005147
KAZN,TP53,-0.0036525568
NOX4,TP53,-0.001298377
UBXN10,TP53,-0.00984106
RBPMS2,TP53,-0.037356146
ELOVL1,TP53,-0.0022943898
SLC4A3,TP53,-0.00068751426
ETNPPL,TP53,-0.00092464575
TRIT1,TP53,-0.050403435
