gene,auprc_mean,auprc_std,prevalence_mean
ABCA10,0.191344496225374,0.059347512293339,0.0611143467287905
ABCA12,0.1534134557935241,0.0882514233163088,0.0710153368278004
ABCA13,0.3166332521038706,0.0827697012409317,0.1538342069501067
ABCB1,0.1996315310692109,0.0203742581424106,0.0749174917491749
ABCB5,0.2770861774205926,0.0729326317921437,0.0947194719471947
ABCC11,0.1177769827255616,0.0713075277182478,0.061094933022714
ACAN,0.1403960411690175,0.065163239008862,0.0807221898660454
ACTN2,0.1629036078322528,0.0690658022133063,0.0750339739856338
ADAMTS12,0.3623951510646764,0.1085140689996831,0.183401281304601
ADAMTS16,0.1520289842377383,0.0662169197411448,0.0847602407299553
ADAMTS18,0.1102015693166923,0.0459390935223604,0.061094933022714
ADAMTS2,0.1869603992799127,0.0891259861047606,0.0729955348476024
ADAMTS20,0.1979136032111958,0.063330157329121,0.1064841778295476
ADAMTS5,0.1946233815134076,0.1333083572302986,0.0611725878470199
ADAMTSL1,0.2491201293448214,0.1217129075505139,0.0670549407881964
ADAMTSL3,0.1729669328272501,0.0860404840592557,0.0828771112405358
ADCY2,0.250891729025095,0.0767274202789946,0.0808192583964278
ADCY8,0.2193676971099062,0.1019104703982926,0.0729372937293729
AFF2,0.1764650853826975,0.0308612490442095,0.1143079013783731
AHNAK,0.1931678985079177,0.0419753572773636,0.118384779654436
AHNAK2,0.2393767221269974,0.0637990378195299,0.1499514657348088
AKAP6,0.1434601811897675,0.0530865371385588,0.0749951465734808
ALMS1,0.1632586912462439,0.1321072784184445,0.0651329838866239
ALPK2,0.2775084440895049,0.0627953555439125,0.059192389827218
AMER1,0.1310981963746824,0.0584871761525006,0.0592700446515239
AMER3,0.1946543885098777,0.087617186019184,0.0749369054552514
ANK1,0.1485170904463662,0.079660555035833,0.0729567074354494
ANK2,0.3642116963866309,0.091990466288743,0.1932440302853814
ANK3,0.1678945495527562,0.0444364468271212,0.0690351388079984
ANKRD30A,0.2214888361693194,0.1061462113273827,0.1044651523975926
ANKRD30B,0.2229675279624841,0.1519965976251925,0.0710541642399534
APOB,0.379759470493421,0.0284250346091646,0.1775383420695011
ARID1A,0.1113843793600412,0.0580620672765814,0.0590953212968355
ASH1L,0.1022691895310378,0.0536093086804307,0.0611920015530964
ASPM,0.2326969164919015,0.0646611618141426,0.1321879246748204
ASTN1,0.2997616501529456,0.1179807741584026,0.1499902931469617
ASTN2,0.1882934121476137,0.1044117804648114,0.0886818093574063
ASXL3,0.2851167622165972,0.1114658743868838,0.1341098815763929
ATM,0.2315943608627429,0.1231723932810363,0.0808580858085808
ATP10B,0.1260373125126853,0.0613158899937324,0.0591341487089885
ATRNL1,0.2671695988582986,0.0576144878265018,0.0847602407299553
ATRX,0.1122760899432423,0.021424873159585,0.061133760434867
BCHE,0.1756896385011117,0.085422857223193,0.0629780625121335
BCLAF1,0.1654340170453991,0.0598709570340668,0.0689380702776159
BCORL1,0.1052184976904706,0.0372128372963986,0.0690157251019219
BIRC6,0.1570298257487499,0.0591688302537198,0.0847990681421083
BOD1L1,0.1977562745506598,0.1018034390080172,0.0788196466705494
BRAF,0.1549935923862473,0.0591239649442242,0.0789361289070083
BRINP3,0.2740475682098265,0.1119425778573779,0.1282663560473694
BRWD3,0.1820813578625976,0.1455745546336362,0.0730926033779848
C7,0.1803455589830886,0.1101205606337859,0.0670161133760434
CACNA1B,0.131595023134794,0.0244506415553452,0.065055329062318
CACNA1C,0.1663236512367913,0.1012999506496575,0.0887982915938652
CACNA1E,0.3632679517790855,0.1046484487667082,0.1518151815181518
CACNA1F,0.1987359521756266,0.2198576599914273,0.057173364395263
CACNA2D1,0.2112685846174934,0.0814526976716696,0.0808386721025043
CCDC178,0.1760604290522491,0.1030986005419902,0.0769171034750533
CDH10,0.4019188823221278,0.1164848417419567,0.1675791108522617
CDH12,0.2861333748240959,0.0626613583338393,0.1143661424966026
CDH18,0.3277149629401243,0.1069041022541648,0.0965831877305377
CDH23,0.1331624012979782,0.0357025228784662,0.059192389827218
CDH6,0.1958173989576146,0.0906612572977984,0.0591729761211415
CDH7,0.1296667658739039,0.0557045621709777,0.0847408270238788
CDH8,0.1714302220094706,0.053549664747007,0.0847214133178023
CDH9,0.228658694986702,0.0700890602659954,0.1123665307707241
CENPF,0.1852587922302136,0.1253176020498234,0.0710735779460298
CFH,0.2379481865379841,0.1142542200906229,0.065055329062318
CHD6,0.1677026671859665,0.093651213787735,0.059153562415065
CHL1,0.2451785593289707,0.1390265807983317,0.0807998446903514
CHRM2,0.1843612409937449,0.1051603175356036,0.0591729761211415
CLCN1,0.2214342655193966,0.0681222193570846,0.0789167152009318
CMYA5,0.1280053206607984,0.0527591953488916,0.0572704329256455
CNTN1,0.2489610156011542,0.1664249910041186,0.059153562415065
CNTN5,0.186451209296978,0.082570343370919,0.0769171034750533
CNTNAP2,0.1644212243079116,0.0397745164712126,0.124208891477383
CNTNAP4,0.1468944569177184,0.0967038390931375,0.0867404387497573
CNTNAP5,0.3344619447628966,0.1001938921389378,0.126111434672879
COL11A1,0.4129273292721299,0.0505091395318744,0.2012230634828188
COL12A1,0.2365367685887976,0.1002636239520129,0.1104834012813046
COL14A1,0.2773908726456649,0.130934277657073,0.0847990681421083
COL15A1,0.2150071653849863,0.0890808335431447,0.0592118035332945
COL19A1,0.2470567449617352,0.0687633258959854,0.0907590759075907
COL1A2,0.2178984658829231,0.0938178580679695,0.0650359153562415
COL22A1,0.2663145937774273,0.1136634113552279,0.1223257619879635
COL25A1,0.1373080138016416,0.0546692490274871,0.0591729761211415
COL3A1,0.2338152183873152,0.0538983925957525,0.1103863327509221
COL4A1,0.1685428518101308,0.0744973391964664,0.0591341487089885
COL4A2,0.1454975510681332,0.0686730935601206,0.0630945447485925
COL4A5,0.149006642184235,0.0298420809642787,0.0728790526111434
COL5A1,0.1473013353529134,0.0661594407480963,0.0670355270821199
COL5A2,0.2865466581675407,0.0874140704695414,0.0966802562609202
COL6A3,0.2629697442236697,0.0530940903697426,0.1124053581828771
COL6A6,0.2056096101164091,0.0718411106467078,0.0650747427683944
COL7A1,0.1639215653531096,0.061165601693714,0.0691127936323044
CPED1,0.195351889795637,0.055405566130391,0.0749369054552514
CPS1,0.2487961438950618,0.1384505101002522,0.1123859444768006
CR1,0.2198081479741706,0.1337607026659121,0.0631333721607454
CRB1,0.1665006449807831,0.0909216593557258,0.1083284799068142
CSMD1,0.3393983076108569,0.0404001976435564,0.1952630557173364
CSMD2,0.4203809269480703,0.076931464945212,0.1439332168510968
CSMD3,0.6722166525014811,0.0931990078948293,0.3984274898078043
CTNNA2,0.3054118827240234,0.0734605169730281,0.1124247718889536
CTNND2,0.2027900355565765,0.1072208859812849,0.0987186953989516
CUBN,0.2385482709691291,0.1350943690271236,0.1103086779266162
CUX2,0.229145098848197,0.1271898641869311,0.0671131819064259
DCAF12L1,0.1825316548560305,0.0553418657855003,0.0650941564744709
DCAF12L2,0.2108625390279396,0.1417652057476959,0.0690157251019219
DCAF4L2,0.2008575182933969,0.1164950651969649,0.0926227916909338
DCC,0.1906651357941379,0.077753848766436,0.0631333721607455
DCDC1,0.26113972059711,0.0746080782322921,0.0927004465152397
DCHS1,0.2790129838117365,0.2093028027978863,0.0709765094156474
DCHS2,0.257070148568141,0.1326007338726474,0.0847796544360318
DGKB,0.230848399242631,0.1136188356024804,0.0690351388079984
DIDO1,0.1409727138535758,0.0457772937058257,0.0768782760629004
DLGAP2,0.1201218220584388,0.0616018945325518,0.0611725878470199
DMBT1,0.1994377960419321,0.082592879715065,0.0788390603766259
DMD,0.3334896140605944,0.0967539128903439,0.1479906814210833
DMXL1,0.1991694825325166,0.0598290136185289,0.063113958454669
DNAH10,0.1814158561642941,0.1604278910612969,0.0630557173364395
DNAH11,0.3143489588082464,0.1124296622363057,0.0946612308289652
DNAH3,0.2613639404830851,0.1054539493576302,0.0967773247913026
DNAH5,0.3052058927922155,0.1032454143975593,0.1222092797515045
DNAH7,0.2335169774389583,0.1117779296698951,0.0966802562609202
DNAH8,0.1754392796037047,0.0661624831144966,0.1124247718889535
DNAH9,0.3119896086173703,0.1021802054573049,0.1735585323238206
DOCK10,0.1132504189813185,0.0586248794797406,0.0651718112987769
DOCK2,0.3421501464992079,0.0640626467577875,0.1085226169675791
DPP6,0.1361405637285996,0.0583402484077146,0.0591729761211415
DSCAM,0.2239973567031234,0.0673411397571943,0.0867792661619103
DSCAML1,0.1515034585487134,0.0637306584703553,0.063075131042516
DSG3,0.1216496502067858,0.061529665388734,0.0749757328674043
DSG4,0.141996982739608,0.0660066731374314,0.057251019219569
DST,0.2275391354073153,0.1042639623311092,0.114385556202679
DYSF,0.2444717385831365,0.1036240236449194,0.0669966996699669
EGFR,0.4957396968549277,0.1767437233013215,0.1322073383808969
EPHA3,0.178924308201475,0.0286878617710617,0.0868180935740632
EPHA5,0.2371292508064445,0.0673575292061546,0.1243059600077654
EPHA6,0.1854175586818632,0.1068341588037334,0.0867986798679868
EPHB1,0.2860020974204325,0.1567172612261752,0.0649582605319355
EPHB6,0.2432494496265664,0.0610121082877009,0.0887594641817123
ERBB4,0.1890822026440634,0.0627412391486867,0.0768976897689769
EYS,0.2762040538104907,0.127575537338336,0.0887012230634828
F5,0.1469840026600254,0.042704568078996,0.0709765094156474
F8,0.190890803108068,0.1510411118120899,0.0848767229664143
FAM135B,0.2759966813745333,0.0423584474995337,0.1479712677150068
FAM47A,0.2429711352997194,0.1111686646171694,0.0946224034168122
FAM47B,0.2227826453088438,0.0757692089914841,0.0927004465152397
FAM47C,0.2433514465053591,0.0716560485256471,0.110541642399534
FAM71B,0.1435941233478952,0.0792904954676093,0.059153562415065
FAM83B,0.1260706185727962,0.0332656353832041,0.0651523975927004
FANCM,0.1973163897385902,0.1531133973490621,0.0651135701805474
FAT1,0.204904351711685,0.0507726580093772,0.1006406523005241
FAT2,0.2212702015559095,0.1671345833494703,0.0809357406328868
FAT3,0.3926703669019383,0.0842747634645118,0.2030285381479324
FAT4,0.3064145891747126,0.0882007202338309,0.1479712677150068
FBN2,0.3684600988256231,0.1207765411445893,0.1538342069501068
FBXL7,0.2009333233984729,0.1054471769897414,0.0709765094156474
FCGBP,0.2365375721666593,0.0910207672668975,0.0907979033197437
FER1L6,0.3387234872285224,0.1296548027268455,0.0788196466705494
FLG,0.4647638653469458,0.0736989647214267,0.256338575033974
FLG2,0.2845802895510522,0.1344881296966231,0.1360706658901184
FLNA,0.2292180393924289,0.1680882477090372,0.059114735002912
FLNC,0.2040700413196291,0.12099651185317,0.0888953601242477
FMN2,0.2435654375735978,0.0693689150195224,0.1104639875752281
FOLH1,0.199836700031275,0.068619341941238,0.063113958454669
FRAS1,0.1916351873684259,0.1193701356934094,0.0670743544942729
FREM2,0.1362978164231976,0.0515747184568196,0.0591341487089885
FRMPD1,0.241823025876166,0.195193748540902,0.0671131819064259
FRMPD4,0.1893733770120687,0.1187920659125908,0.0670743544942729
FSCB,0.1411842234238123,0.1082339091743152,0.0689768976897689
FSIP2,0.1822116877671025,0.0410808429576125,0.0571539506891865
FSTL5,0.2088450661946407,0.0716918686031275,0.0808969132207338
GABRA4,0.1873202685352457,0.0625720890940439,0.0631527858668219
GLI3,0.2553372558249015,0.1144136378039505,0.0710541642399534
GPR158,0.2422407600026507,0.1119462886021034,0.1004076878276063
GRID2,0.2153319570045342,0.1380170151961166,0.0867210250436808
GRIK2,0.1795921945219556,0.047173311696634,0.0651329838866239
GRIN2A,0.1494233500879156,0.0538788151414631,0.0965637740244612
GRIN2B,0.2579156401807714,0.1555944705374986,0.1006406523005241
GRIN3A,0.1699102437107111,0.1122670613957878,0.0710929916521063
GRM1,0.1367315204017986,0.0632497836851341,0.0670549407881964
GRM5,0.1273704248189963,0.0494966294369955,0.0789555426130848
GRM7,0.2041468730639364,0.0821358949188488,0.0749563191613279
GRM8,0.1751476342109608,0.0680830970105368,0.0887400504756358
HCN1,0.2680149653522436,0.0537909278181794,0.1024655406717142
HDAC9,0.2893032124669645,0.1054377465639447,0.0729761211415259
HECW1,0.262083105901732,0.1687581682956155,0.0966414288487672
HEPH,0.1965040359427731,0.1186969374584622,0.0789555426130848
HERC2,0.2344344302340212,0.0951256495093662,0.122228693457581
HGF,0.185714607161737,0.1311805541312461,0.0749369054552514
HIVEP3,0.1585629260901148,0.1137228330306156,0.0570957095709571
HMCN1,0.3175999492337013,0.091566740090202,0.1557173364395263
HRNR,0.3450677805815443,0.0546240059176706,0.1360900795961949
HUWE1,0.1952040618219634,0.101307469662691,0.0867598524558338
HYDIN,0.2340713593000996,0.0689467299264642,0.1045233935158221
IGSF1,0.1716390882606914,0.1292261155976934,0.0689963113958454
INSRR,0.196116638717737,0.0936683325417503,0.0670937682003494
IRS4,0.2859126493690513,0.1704220527722063,0.0591729761211415
ITGA4,0.1081793492589656,0.0427408692400325,0.0670937682003494
ITGA8,0.1881327628461342,0.0765527333066287,0.0926810328091632
ITGAD,0.1442555219567826,0.0760320110813066,0.0610755193166375
ITGAX,0.1946137692646845,0.0941046805803587,0.0848184818481848
ITIH6,0.1446470530274436,0.088194109329692,0.0612308289652494
ITPR2,0.1213661964276452,0.0278280884024932,0.0651135701805474
KALRN,0.1634606767048834,0.0790797595650475,0.065055329062318
KCNA4,0.1880447097988389,0.1302220383722754,0.0591729761211415
KCNB2,0.175581399330874,0.0974148779656384,0.0768976897689769
KCNH1,0.1859169286349727,0.1634213365050117,0.063075131042516
KCNH5,0.1819760132801823,0.1458566847049855,0.0670355270821199
KCNH8,0.1664165930988526,0.0883332088913157,0.0690157251019219
KCNJ3,0.1986896155664985,0.1262224637209346,0.0611143467287905
KCNT2,0.2798433617992908,0.0975555292563141,0.0945641622985828
KCNU1,0.1568950971078253,0.0259404485338696,0.0788973014948553
KDR,0.1377340955877021,0.0777545939654922,0.0828382838283828
KEAP1,0.490697270842635,0.0507543800202311,0.1814404969908755
KIAA1109,0.2273479405491854,0.1021212217471349,0.1005241700640652
KIAA1549L,0.1986028709629763,0.0760190260020389,0.0709765094156474
KIF21B,0.1370104586347006,0.0537744753802975,0.059153562415065
KIF2B,0.2226047937317737,0.0811546865807505,0.1044263249854397
KLHL1,0.2078730322673434,0.0956589591291479,0.0848573092603378
KLHL4,0.144173959407422,0.0364360378288974,0.0651329838866239
KMT2A,0.1410700078420166,0.0503377934219891,0.0611531741409435
KMT2C,0.3322638431582503,0.0590247868125195,0.1301883129489419
KMT2D,0.0941388614970666,0.0139076105249247,0.0749563191613279
KRAS,0.5085854390405722,0.0392441154592473,0.2899631139584547
L1CAM,0.1532881509590703,0.0719126081119298,0.0769365171811298
LAMA1,0.2104123983011729,0.074550565258861,0.1024849543777907
LAMA2,0.2930790841062042,0.1067039194850678,0.1242671325956125
LAMA4,0.1829641847621075,0.0706916918720267,0.0709570957095709
LAMA5,0.1305485938006709,0.0532401666453732,0.059153562415065
LAMB1,0.1445192912438184,0.0682073814635017,0.0611143467287905
LAMB4,0.2068610007985573,0.0513937677887757,0.0808580858085808
LCT,0.2267916534289756,0.086029771973042,0.0709959231217239
LPA,0.230129040787712,0.075820329520483,0.0887982915938652
LRFN5,0.2054802360037119,0.0943180353957193,0.0867016113376043
LRP1,0.1341521388263387,0.0641573505373941,0.0748786643370219
LRP1B,0.5932317401801999,0.0989441416206076,0.3372937293729373
LRP2,0.3183515995035845,0.0728593180733152,0.1261696757911085
LRRC4C,0.2162287763836081,0.0837441677796849,0.0768976897689769
LRRC7,0.3386184051519408,0.0976889816935179,0.1458940011648223
LRRIQ1,0.1681990772800375,0.0554944195665281,0.0927392739273927
LRRTM4,0.2421546496101397,0.0866121073768194,0.0926422053970102
LTBP1,0.2340793199498751,0.0632624300722113,0.0927004465152397
LYST,0.2954633193782892,0.1438853769364665,0.0887012230634828
MACF1,0.2609695681985206,0.1273886063910599,0.0729567074354494
MAGEC1,0.1785538610423524,0.0382948875490089,0.0965831877305377
MAP2,0.2060150798815021,0.0850469205662482,0.0828382838283828
MDGA2,0.1518278630097845,0.0639783057505397,0.0690545525140749
MED12,0.1005975739918211,0.0252495010693761,0.0729178800232964
MGA,0.1722040017501599,0.0875577762840221,0.0789555426130848
MGAM,0.2343454988119905,0.0877659571604675,0.0907784896136672
MMP16,0.3255417599331048,0.0775968815808702,0.0906620073772083
MMRN1,0.2996973474353342,0.1291901904206522,0.0847796544360318
MROH2B,0.2117073259704906,0.0511652309553034,0.0927004465152397
MTUS2,0.2540823508758451,0.0599693665442071,0.061056105610561
MUC16,0.6260115593306612,0.047881887073113,0.4161327897495631
MUC17,0.3808563020658561,0.0991975406643736,0.1991457969326344
MUC2,0.1674236509631971,0.0788648047205906,0.0591341487089885
MUC5B,0.2328103336622555,0.1406831569343754,0.1023684721413317
MXRA5,0.3423759698786758,0.1458865524796699,0.1439720442632498
MYCBP2,0.2432061471864159,0.1587231845056991,0.0689768976897689
MYH1,0.2208800383272672,0.0679966600042182,0.118268297417977
MYH13,0.1698143396622833,0.0851553753391948,0.0807998446903513
MYH2,0.2436117594391652,0.1005062723482369,0.1203455639681615
MYH3,0.2250432062233168,0.1113121799641098,0.0592312172393709
MYH4,0.252521125784592,0.0741275496417055,0.0867016113376043
MYH6,0.1699785250106919,0.1136006402111058,0.0768976897689769
MYH7,0.21066115979868,0.0910516116949659,0.1023878858474082
MYH8,0.2236959782965394,0.0655237477385718,0.118423607066589
MYO16,0.1499811850074529,0.0771426106967143,0.0650941564744709
MYO18B,0.3073244254460429,0.1137817504818518,0.0868180935740633
MYO3A,0.1601686897572193,0.0665485924169647,0.0709376820034944
MYO7B,0.1833755628773024,0.0498881012013731,0.0789167152009318
MYOM2,0.1652291880579631,0.0576338973803232,0.0630945447485925
MYPN,0.1218954246583728,0.0435330465490333,0.059192389827218
MYT1L,0.2171682577055975,0.0751989789115183,0.0748786643370219
NALCN,0.2469757488896983,0.1147301224490111,0.1439138031450204
NAV3,0.3978447683404302,0.1140222613759743,0.2010871675402834
NBAS,0.2867375117813111,0.1318957801985504,0.0887788778877887
NBEA,0.2241618885135544,0.0980418279464082,0.0729567074354494
NCKAP5,0.2480937265912698,0.0808387508955375,0.112560667831489
NDST4,0.2255450010634308,0.0822557363590782,0.063113958454669
NEB,0.3550545046437546,0.2268692655229928,0.1262861580275674
NELL1,0.1484712784881538,0.0954873229458966,0.0868763346922927
NF1,0.2030344004974444,0.0507972381581634,0.1143273150844496
NID1,0.1931574721856915,0.0924579867954532,0.0689768976897689
NID2,0.2397360642456722,0.1218382396236637,0.0631527858668219
NLGN4X,0.1435886569510752,0.092349687937421,0.0868375072801397
NLRP10,0.2798776095790235,0.0808504970546992,0.0591341487089885
NLRP12,0.1203902432637172,0.016502553858877,0.0690351388079984
NLRP13,0.1728309359255923,0.0733738821811234,0.0631333721607454
NLRP14,0.1660882834611015,0.0708995665760466,0.0807804309842749
NLRP3,0.288964116406989,0.1082920119291374,0.11244418559503
NLRP4,0.191174634370494,0.1156620022077206,0.059192389827218
NLRP5,0.2542103232978858,0.1446961030685122,0.0848184818481848
NLRP7,0.1624708732050531,0.0590048401469831,0.0591341487089885
NOTCH4,0.1880750985766573,0.0597786683526897,0.0908173170258202
NPAP1,0.2731884929813947,0.0848227580151262,0.1557949912638322
NRCAM,0.2760780540116166,0.1004858233495775,0.0749951465734808
NRG3,0.2312280595210361,0.1738291368175928,0.0571927781013395
NRXN1,0.3957735833043431,0.073710647155532,0.1618132401475441
NRXN3,0.1210697952895051,0.0439454974904986,0.0729761211415259
NTRK3,0.2059832419597894,0.1198995370771026,0.0848573092603378
OBSCN,0.3430004910043111,0.0803502813363731,0.1638128518734226
OGDHL,0.1987767005587517,0.1287536028781417,0.059192389827218
OR2G2,0.2147037418678066,0.1080672519303699,0.0651135701805474
OR2L13,0.1578226657057862,0.1279996406545334,0.0611531741409435
OR2L8,0.1948943594288044,0.2292512170524652,0.0650747427683944
OR2M3,0.1112640339849764,0.0452596441469149,0.059153562415065
OR2M5,0.192309815055982,0.2039541919947859,0.0630557173364395
OR2T33,0.259104596361685,0.0720094360790152,0.0710347505338769
OR2W3,0.1808552602798015,0.1217544305493461,0.0709570957095709
OR4A15,0.146306667425473,0.0767552620635836,0.0748980780430984
OR4A16,0.0917646735394231,0.0476522963109098,0.0571539506891865
OR4A5,0.1358920930940098,0.0760599540008755,0.059075907590759
OR4C15,0.2748659777139539,0.1478274855992629,0.0690739662201514
OR4C16,0.1338801003361084,0.0643064777121096,0.0591729761211415
OR4C6,0.1130356367757759,0.0702880516076647,0.059114735002912
OR5L1,0.1931469260997006,0.1392384513178684,0.0670549407881964
OR8U1,0.1556890426206585,0.0751690899345338,0.0690933799262279
OTOF,0.1811197767641629,0.1177261683618266,0.0770335857115123
OTOGL,0.151490259429953,0.0337803479842606,0.0907008347893612
OVCH1,0.1695340427668168,0.0720049405633066,0.0827994564162298
PAPPA2,0.3342323023021673,0.0433598186038603,0.18534265191225
PCDH10,0.2859282113951932,0.0416760126248132,0.120248495437779
PCDH11X,0.3063204753497422,0.0668786279233953,0.1519122500485343
PCDH15,0.4132017411238539,0.0723331289966319,0.1972820811492913
PCDH17,0.2644348294413181,0.0865658217387197,0.0946029897107357
PCDH18,0.1607986910907942,0.0630516555494299,0.0671325956125024
PCDHA2,0.1559705123341922,0.0552599353718777,0.0709959231217239
PCDHA3,0.101391242575626,0.0457366880323166,0.061056105610561
PCDHA5,0.1609090934000857,0.1321874471911892,0.0611725878470199
PCDHB12,0.1079852628351621,0.0413022978083547,0.0650747427683944
PCDHB2,0.1758945976194253,0.0859425857933006,0.0592118035332945
PCDHB3,0.1214442232537189,0.0388151819648162,0.0591729761211415
PCDHB4,0.153498190129297,0.1251529652066571,0.0670355270821199
PCDHB7,0.1536025543185656,0.0673504961166976,0.0709570957095709
PCDHB8,0.1831215926792953,0.0757579048926421,0.0768782760629004
PCDHGA2,0.1278805068616118,0.0465436864847937,0.0709570957095709
PCDHGA3,0.1756215198494156,0.1129329537298663,0.0710929916521063
PCDHGA5,0.1157437973471453,0.0238604312447591,0.0571539506891865
PCLO,0.3852952664086253,0.1000162615485381,0.1832847990681421
PDE4DIP,0.1951676415277531,0.0774743173968656,0.0709570957095709
PDGFRA,0.1196710529963697,0.0523370818144671,0.0708988545913414
PDZRN3,0.1838921350976909,0.0484799455769886,0.0729955348476024
PEG3,0.2908761686252865,0.1006647814504138,0.1282275286352164
PIK3CG,0.3136161137262959,0.1381566021744652,0.0611920015530964
PKD1L1,0.1740019796051591,0.0737696386033833,0.0868180935740632
PKHD1,0.2360314131055992,0.1149715454026918,0.1339933993399339
PKHD1L1,0.349492777960929,0.160111599063198,0.126150262085032
PLCB1,0.1485193346292359,0.0610327802260586,0.0788973014948553
PLCB4,0.1694591565507796,0.1198839307117706,0.0610755193166375
PLCL1,0.1466868593982216,0.0459585701471485,0.057173364395263
PLEC,0.2470937978438618,0.0596368334504908,0.1004659289458357
PLXNA4,0.2558650605536993,0.0854165324795448,0.0905843525529023
POLQ,0.2257865172766173,0.1077546942243027,0.0651135701805474
POM121L12,0.1956397210094027,0.0980959879294749,0.0866821976315278
POSTN,0.1450194017074195,0.1167999367663033,0.059231217239371
POTEE,0.1390744301992741,0.0513069363990402,0.061056105610561
POTEG,0.2196519366423846,0.1298409302305503,0.0689963113958454
POTEH,0.1779279920289168,0.0638422570158204,0.0690157251019219
PPP1R3A,0.234192961306331,0.051130217830593,0.0828382838283828
PRDM9,0.2503447966443858,0.0822004707772568,0.1439332168510968
PREX1,0.2291946868896047,0.0886727214075439,0.0630557173364395
PRKDC,0.1434632911009363,0.0357761220636146,0.0828188701223063
PRUNE2,0.2128173791977136,0.0716943955220516,0.1204232187924674
PTPRB,0.263018798205528,0.1920412169256404,0.0730731896719083
PTPRC,0.1581650960629142,0.0191257784809455,0.0670355270821199
PTPRD,0.3524030626542755,0.0789951118004895,0.1655600854203067
PTPRT,0.2217907690252079,0.0811677548903509,0.0965831877305377
PTPRZ1,0.2267843105183578,0.0785148615587634,0.0965831877305377
PXDNL,0.2403729496593319,0.1118016837466416,0.1458745874587458
RANBP2,0.194611965803985,0.1428224738176577,0.0591341487089885
RBM10,0.1259357654194878,0.0682694883167281,0.0670161133760434
REG3A,0.1842051319754536,0.1208600914900095,0.065055329062318
RELN,0.3351783025181947,0.1314415317955518,0.1479130265967773
RGPD4,0.1586881074079708,0.0260707923690111,0.1005824111822946
RIMBP2,0.2414410276868509,0.1510929368471258,0.0592312172393709
RIMS2,0.2485879339509769,0.0862445515080716,0.132090856144438
ROBO2,0.1812147685545147,0.0725979589363462,0.0927198602213162
ROR2,0.1491639784061856,0.0639229359466836,0.061056105610561
RP1,0.2101178405263588,0.1724001050302594,0.0829159386526888
RP1L1,0.3621805778112451,0.1042847129138535,0.1656183265385362
RYR1,0.3272891393145703,0.0807479881588963,0.1635604736944282
RYR2,0.6162363682657069,0.087625445822181,0.3687633469229275
RYR3,0.4136931429575254,0.0894574219653029,0.1755387303436226
SACS,0.132930455751486,0.0803498025034196,0.0710347505338769
SAGE1,0.1660908553281089,0.1169005438570895,0.0630945447485925
SALL1,0.1533031685086606,0.0645958502343767,0.0829159386526888
SAMD9L,0.1285753027805906,0.0715316452056697,0.0630168899242865
SATB2,0.1681425527417359,0.1530417901762038,0.0629780625121335
SCN10A,0.2218414869696853,0.1379022743191011,0.0828771112405358
SCN11A,0.2069358116666305,0.1668204494755567,0.0590953212968355
SCN2A,0.2278896578323458,0.1207789869747887,0.0708988545913414
SCN3A,0.1942395514695438,0.0924158495787303,0.0848378955542613
SCN5A,0.1324866099002602,0.0356642470886031,0.0571151232770335
SDK1,0.2096299537617026,0.0730743160620913,0.0729178800232964
SEMA5A,0.188491740578615,0.0518273365830406,0.0749563191613279
SEMA6D,0.1471065031174583,0.1034786194767312,0.0689768976897689
SETBP1,0.1808327681475244,0.027328752578861,0.1025431954960201
SETD2,0.2168187069524578,0.1697705855848294,0.065055329062318
SEZ6L,0.1128787914599829,0.0421538388159254,0.0670937682003494
SI,0.3930070814876069,0.0830110924609033,0.1617938264414676
SIPA1L2,0.2069930108209597,0.1341027220912011,0.0709765094156474
SLC12A5,0.2300992957841382,0.0896937050369496,0.0591729761211415
SLC39A12,0.3030273315676295,0.0800300154445423,0.0828576975344593
SLC8A1,0.1751558525862064,0.0885190747556708,0.0965637740244612
SLIT2,0.2177279379970476,0.1727383780913599,0.0867210250436808
SLITRK1,0.2205319782812803,0.0915295160297473,0.0887012230634828
SLITRK2,0.1651056290207256,0.0309853281633821,0.1005824111822946
SLITRK3,0.2325297441387074,0.1131898115571823,0.0887982915938652
SLITRK4,0.1719182582078489,0.0807452384565995,0.0788778877887788
SLITRK6,0.1394919194347425,0.0554136713384166,0.0611725878470199
SMARCA4,0.3393464884358576,0.1706473621647848,0.0828576975344593
SMG1,0.1693735813009247,0.1027015270267574,0.063036303630363
SNTG1,0.2581987450430425,0.0951252603928481,0.1182877111240535
SORCS1,0.3106317275555175,0.1198230658537337,0.116365754222481
SORCS3,0.2156609951227725,0.0875454127533549,0.0986022131624927
SPAG17,0.1908029845101194,0.1014487982769692,0.057212191807416
SPATA31A6,0.1847244717852861,0.0820286501518526,0.0867404387497573
SPATA31D1,0.2987490073834742,0.1346817937030233,0.1083867210250437
SPEF2,0.2608755794403407,0.0931355917319188,0.0906620073772083
SPEG,0.2322878603351039,0.0961552866044373,0.0769947582993593
SPHKAP,0.1714767509126949,0.0375338125846704,0.0927004465152397
SPTA1,0.4827126706052905,0.1012002545412418,0.2544166181324014
SRCAP,0.3349286375784895,0.2012320337924429,0.0709959231217239
ST6GAL2,0.4218257486597789,0.1299707142241754,0.0770141720054358
STAB2,0.222277355860424,0.1206768181828222,0.0709765094156474
STK11,0.4003570117877745,0.0482536060140648,0.1341487089885459
SVEP1,0.1915659110974947,0.079873253935187,0.1045233935158221
SYNE1,0.2428121189693625,0.0465615113141632,0.124208891477383
SYNE2,0.3280065905552415,0.1345327611507342,0.1203843913803145
TAF1L,0.2831413002394142,0.1535905855203449,0.1105028149873811
TCHH,0.1649369583776642,0.086385152826332,0.0689380702776159
TENM1,0.2265151141032127,0.1020918963851595,0.116326926810328
TENM2,0.2371158463709836,0.1246825195163959,0.1006212385944476
TENM3,0.2493196492483023,0.126141311816974,0.0926033779848573
TEX15,0.2240195394676752,0.1239046379265318,0.0946612308289652
TG,0.2096266949606975,0.0658434418101787,0.1104057464569986
THBS2,0.1947800283897996,0.0883437968452764,0.0631333721607454
THSD7A,0.2330139881750471,0.0893629566749574,0.0947000582411182
THSD7B,0.2092591306383583,0.0806925752719772,0.0907202484954377
TIAM1,0.2835725846776349,0.1706005595081383,0.1004465152397592
TLL1,0.1683275924687385,0.0536395499859661,0.0749757328674044
TLR4,0.2962422824591791,0.0566624334341083,0.118384779654436
TMEM132B,0.1038184269498203,0.063817241052915,0.0610755193166375
TMEM132D,0.1284438691976048,0.0677205860583764,0.065055329062318
TMPRSS15,0.1386918191122239,0.0159452313884698,0.0808386721025043
TMTC1,0.1476642020910115,0.0701499731860371,0.0847990681421083
TNN,0.2699509302991799,0.1080384700378024,0.1321879246748204
TNR,0.3424211897893869,0.1480808242422551,0.1696369636963696
TP53,0.7953707629741344,0.0095507883687397,0.5089108910891089
TPTE,0.193470477339696,0.0867531959145998,0.1084255484371966
TRHDE,0.2760732750316461,0.1786741950050516,0.063036303630363
TRIO,0.1373043428174916,0.0782070749234556,0.0610366919044845
TRO,0.116718477694681,0.074022266634226,0.0611143467287905
TRPA1,0.1626857246660789,0.0948294852416622,0.0927975150456222
TRPC4,0.129097901180019,0.0517218828043557,0.0729372937293729
TRPM1,0.0764277513418822,0.0333422793077676,0.061094933022714
TRPM6,0.2524062578157793,0.1609696650004432,0.0670161133760434
TRPS1,0.1928119733319824,0.05504918294598,0.1045428072218986
TRRAP,0.2317260448180001,0.091908754405234,0.0690545525140749
TSHZ2,0.1598412219161023,0.103304924877217,0.0649970879440885
TSHZ3,0.2178303933286312,0.0488590996529143,0.128169287516987
TTN,0.7480206046841723,0.0953997560128412,0.4752086973403222
UBR4,0.1869494346891939,0.1400933550407846,0.0828188701223063
UBR5,0.2168773257140114,0.0633734156463068,0.057251019219569
UNC13C,0.1898381623154589,0.0581462687721916,0.0867792661619103
UNC5D,0.1399733340096833,0.0873049776128369,0.0690545525140749
UNC79,0.2369342154349376,0.0726289993181039,0.1123665307707241
USH2A,0.5613105396037691,0.0722527435303325,0.313667249077849
USP29,0.160258602844318,0.1015422025231375,0.0651135701805474
UTRN,0.1077811976922491,0.0358449201589934,0.059153562415065
VCAN,0.3038471696592318,0.0392578261519377,0.1440108716754028
VPS13B,0.1603732961293164,0.1064344670679878,0.0749174917491749
VPS13C,0.3157289232295238,0.139756177521223,0.0709376820034944
VWF,0.1425007057179458,0.0587359057151986,0.0571539506891865
WDFY3,0.1559458287996911,0.0821177162653116,0.0827218015919239
WDR49,0.1359812797261476,0.0873518003468176,0.059114735002912
XIRP2,0.5116325763926929,0.0715896146049883,0.252494661230829
XYLT1,0.2145410770558327,0.2042602866557009,0.061133760434867
ZAN,0.194302920199531,0.1289719682066182,0.0867598524558338
ZDBF2,0.176605164660229,0.0494929806868203,0.0729567074354494
ZEB1,0.1350337090876213,0.0617942130737512,0.0631916132789749
ZEB2,0.1987633362858169,0.0623118497863796,0.0650941564744709
ZFHX4,0.521445542513626,0.0862371725523684,0.3056882158804116
ZFPM2,0.2699836124993705,0.1265162637746282,0.1065424189477771
ZIC1,0.1296887705335843,0.0789830117629657,0.057251019219569
ZIC4,0.1849322640343957,0.0780330211668825,0.0630557173364395
ZNF208,0.2699639659938492,0.1762419299030779,0.0926616191030867
ZNF423,0.1961178632695517,0.0523947790165234,0.0808192583964278
ZNF479,0.1357866124272482,0.0607513121058179,0.0808386721025043
ZNF521,0.1997105341779809,0.1130926291205885,0.0984663172199573
ZNF536,0.3771307104949136,0.0609322328985105,0.2071054164239953
ZNF676,0.1830063374223116,0.1142761290958501,0.066919044845661
ZNF716,0.1600219312093595,0.0652216364718985,0.0611725878470199
ZNF804A,0.3409562649631965,0.1509787261340942,0.1596000776548243
ZNF804B,0.2685070932474513,0.0636022701703377,0.0985439720442632
ZNF831,0.2252032309501456,0.0602699439555088,0.1184041933605125
ZP4,0.2361281581525176,0.0825608803204458,0.0887206367695593
